total phrases,total turns,interviewer goal,goal mismatch,no phrases,unmatched phrase,multi-turn goal,unique phrases,from interviewer,from stakeholder,stakeholder goal
,84,,,,,,,,,
2,84,0,,,,,2,0,2,2
4,84,0,,,,,4,0,4,2
3,84,0,,,,,3,0,3,1
8,84,0,,,,,8,0,8,8
3,84,0,,,,,3,0,3,1
10,84,0,,,,1,10,1,9,6
6,84,0,,,,,6,0,6,4
8,84,0,,,,1,7,1,8,3
4,84,0,,,,1,4,2,2,1
2,84,0,,,,,2,0,2,1
7,84,0,,,,,7,0,7,3
3,84,0,,,,,3,0,3,1
5,84,0,,,,,5,0,5,3
,84,,,,,,,,,
5,84,0,,,,,5,0,5,5
4,84,0,,,,,4,0,4,4
2,84,0,,,,,2,0,2,1
5,84,0,,,,,5,0,5,4
3,84,0,,,,,3,0,3,3
3,84,0,,,,,3,0,3,3
6,84,0,,,,,6,0,6,3
10,84,0,,,,,10,0,10,3
4,84,1,,,,1,4,1,3,0
2,84,0,,,,1,2,1,1,1
,84,,,,,,,,,
5,84,0,,,,,5,0,5,4
5,84,1,,,,1,5,1,4,2
2,84,0,,,,,2,0,2,1
2,84,1,,,,1,2,1,1,0
,84,,,,,,,,,
,84,0,1,1,,,,,,0
,84,,,,,,,,,
3,84,0,,,,1,3,1,2,2
6,84,0,,,,,6,0,6,3
6,84,1,,,,,6,1,5,3
5,84,4,,,,,5,5,0,0
,84,,,,,,,,,
,84,,,,,,,,,
,84,,,,,,,,,
,84,,,,,,,,,
,84,,,,,,,,,
15,50,0,,,1,,14,0,14,7
15,50,0,,,,,15,0,15,8
17,50,0,,,1,,16,0,16,6
14,50,0,,,,,14,0,14,7
9,50,0,,,,,9,0,9,4
15,50,0,,,,,15,0,15,8
11,50,0,,,,,11,0,11,5
7,50,0,,,1,,6,0,6,2
5,50,0,,,1,,4,0,4,1
8,50,0,,,,,8,0,8,5
11,50,0,,,1,,10,0,10,6
7,50,0,,,,,7,0,7,6
9,50,0,,,1,,8,0,8,5
11,50,0,,,,,11,0,11,5
16,50,0,,,3,1,13,1,12,3
9,50,0,,,4,,5,0,5,1
2,50,0,,,,,2,0,2,1
2,50,0,,,,,2,0,2,2
15,50,0,,,2,1,12,1,13,6
4,50,0,,,,,3,0,5,1
14,50,0,,,,,13,0,15,8
1,50,0,,,,,1,0,1,1
1,50,0,,,,,1,0,1,1
5,50,0,,,,,5,0,5,3
,50,,,,,,,,,
16,27,0,,,,,16,0,16,8
19,27,0,,,,,19,0,19,11
18,27,0,,,,,18,0,18,12
24,27,0,,,,,24,0,24,12
26,27,0,,,,,26,0,26,14
9,27,0,,,,,9,0,9,5
9,27,0,,,,,9,0,9,4
6,27,0,,,,,6,0,6,2
4,27,0,,,,,4,0,4,4
2,27,0,,,,,2,0,2,1
5,27,0,,,,,5,0,5,5
4,27,1,,,,1,4,1,3,2
,27,,,,,,,,,
,27,,,,,,,,,
,191,,,,,,,,,
1,191,0,,,,,1,0,1,1
1,191,1,,,,,1,1,0,0
,191,,,,,,,,,
3,191,0,,,,,3,0,3,1
2,191,0,,,,,2,0,2,1
4,191,0,,,,,4,0,4,2
4,191,0,,,,,4,0,4,2
4,191,0,,,,,4,0,4,3
1,191,0,,,,,1,0,1,1
7,191,0,,,,,7,0,7,6
5,191,0,,,,,5,0,5,3
2,191,0,,,,,2,0,2,1
,191,,,,,,,,,
2,191,0,,,,,2,0,2,2
2,191,0,,,,,2,0,2,1
3,191,0,,,,,3,0,3,1
2,191,0,,,,1,2,1,1,1
,191,,,,,,,,,
1,191,0,,,,,1,0,1,1
1,191,0,,,,,1,0,1,1
6,191,1,,,,1,6,1,5,3
7,191,1,,,,1,7,1,6,4
11,191,0,,,,1,11,1,10,4
6,191,0,,,,1,6,1,5,2
1,191,0,,,,,1,0,1,1
3,191,0,,,,,3,0,3,3
5,191,0,,,,,5,0,5,4
1,191,0,,,,,1,0,1,1
2,191,0,,,,,2,0,2,2
5,191,0,,,,,5,0,5,5
9,191,1,,,,1,9,1,8,4
6,191,0,,,,,6,0,6,3
,191,,,,,,,,,
1,191,0,,,,,1,0,1,1
,191,,,,,,,,,
1,191,0,,,,,1,0,1,1
2,191,0,,,,,2,0,2,1
2,191,0,,,,1,2,1,1,1
3,191,0,,,,,3,0,3,1
6,191,0,,,,,6,0,6,3
4,191,0,,,,,4,0,4,4
,191,,,,,,,,,
2,191,0,,,,,2,0,2,1
3,191,0,,,,,3,0,3,2
3,191,0,,,,,3,0,3,2
5,191,0,,,,2,5,2,3,2
4,191,0,,,,1,4,1,3,2
1,191,0,,,,,1,0,1,1
,191,,,,,,,,,
2,191,0,,,,,2,0,2,2
6,191,0,,,,,6,0,6,5
15,191,0,,,,,15,0,15,9
9,191,0,,,,,9,0,9,7
6,191,0,,,,2,6,4,2,2
,191,,,,,,,,,
,191,,,,,,,,,
,191,,,,,,,,,
,191,,,,,,,,,
1,191,0,,,,,1,0,1,1
1,191,0,,,,,1,0,1,1
2,191,0,,,,,2,0,2,1
3,191,2,,,,1,3,2,1,0
3,191,0,,,1,,2,0,2,1
3,191,0,,,1,,2,0,2,1
6,191,0,,,1,,5,0,5,1
11,191,0,,,3,,8,0,8,2
8,191,0,,,1,,7,0,7,5
3,191,0,,,,1,3,1,2,2
4,191,0,,,,,4,0,4,3
3,191,0,,,,,3,0,3,1
3,191,0,,,,,3,0,3,2
2,191,0,,,,,2,0,2,1
3,191,0,,,,,3,0,3,2
4,191,0,,,1,,3,0,3,2
5,191,0,,,1,,4,0,4,2
2,191,0,,,,1,2,1,1,1
2,191,0,,,,,2,0,2,1
,191,,,,,,,,,
6,191,0,,,,1,6,1,5,2
1,191,0,,,,,1,0,1,1
5,191,0,,,,,5,0,5,3
7,191,0,,,,,7,0,7,4
4,191,1,,,,1,4,1,3,2
,191,,,,,,,,,
2,191,0,,,,,2,0,2,2
3,191,0,,,,,3,0,3,2
,191,,,,,,,,,
2,191,0,,,,,2,0,2,2
2,191,0,,,,,2,0,2,1
,191,,,,,,,,,
,191,,,,,,,,,
,191,,,,,,,,,
,191,,,,,,,,,
,191,,,,,,,,,
,191,,,,,,,,,
1,104,0,,,,,1,0,1,1
2,104,1,,,,1,2,1,1,0
,104,,,,,,,,,
6,104,0,,,,,6,0,6,3
11,104,0,,,,,11,0,11,6
3,104,0,,,,,3,0,3,3
9,104,0,,,,,9,0,9,8
16,104,0,,,,,16,0,16,11
11,104,0,,,,,11,0,11,6
7,104,0,,,,,7,0,7,7
6,104,0,,,,,6,0,6,5
2,104,0,,,,,2,0,2,1
4,104,0,,,,,4,0,4,2
1,104,0,,,,,1,0,1,1
6,104,1,,,,1,6,1,5,3
2,104,0,,,,,2,0,2,1
,104,,,,,,,,,
2,104,0,,,,,2,0,2,1
4,104,0,,,,,4,0,4,2
1,104,0,,,,,1,0,1,1
3,104,0,,,,1,3,1,2,1
1,104,0,,,,,1,0,1,1
5,104,2,,,,1,4,2,4,2
6,104,0,,,,,6,0,6,4
2,104,0,,,,,2,0,2,1
3,104,0,,,,,3,0,3,2
9,104,3,,,,1,8,8,2,1
,104,,,,,,,,,
5,104,0,,,,,5,0,5,4
1,104,0,,,,,1,0,1,1
,104,,,,,,,,,
,104,,,,,,,,,
,104,,,,,,,,,
,104,0,1,1,,,,,,0
2,104,0,,,,,2,0,2,2
2,104,0,,,,,2,0,2,2
3,104,1,,,,,3,2,1,1
,104,,,,,,,,,
,104,,,,,,,,,
,104,,,,,,,,,
,104,,,,,,,,,
,104,,,,,,,,,
6,104,0,,,,2,6,2,4,3
5,104,0,,,,1,5,1,4,3
2,104,0,,,,,2,0,2,2
1,104,0,,,,,1,0,1,1
8,104,0,,,,,8,0,8,5
1,104,0,,,,,1,0,1,1
2,104,0,,,,,2,0,2,1
2,104,0,,,,,2,0,2,1
,104,,,,,,,,,
,104,,,,,,,,,
3,70,0,,,,,3,0,3,1
4,70,0,,,,1,4,2,2,1
6,70,0,,,,,6,0,6,5
4,70,0,,,1,,3,0,3,2
2,70,0,,,,1,2,1,1,1
2,70,0,,,,,2,0,2,1
6,70,0,,,,,6,0,6,4
7,70,0,,,,,6,0,8,3
1,70,0,,,1,,,0,0,0
5,70,0,,,1,,4,1,3,2
,70,,,,,,,,,
2,70,0,,,,,2,0,2,1
,70,,,,,,,,,
1,70,0,,,,,1,0,1,1
10,70,0,,,,,10,0,10,8
2,70,0,,,,,2,0,2,1
2,70,1,,,,1,2,1,1,0
5,70,0,,,,,5,0,5,3
7,70,0,,,,,7,0,7,4
3,70,1,,,,1,3,1,2,0
1,70,0,,,,,1,0,1,1
2,70,1,,,,1,2,1,1,0
2,70,0,,,,,2,0,2,2
5,70,0,,,,,5,0,5,4
4,70,0,,,,,4,0,4,2
6,70,1,,,,1,6,1,5,2
9,70,1,,,,1,9,1,8,4
12,70,1,,,,1,11,1,12,5
7,70,0,,,,,7,0,7,4
1,70,0,,,,,1,0,1,1
,70,,,,,,,,,
1,70,1,,,,,1,1,0,0
,70,,,,,,,,,
,70,,,,,,,,,
,70,0,1,1,,,,,,0
,111,,,,,,,,,
16,111,0,,,,,16,0,16,12
13,111,0,,,,,13,0,13,10
2,111,0,,,,,2,0,2,1
2,111,0,,,,,2,0,2,1
6,111,0,,,,,6,0,6,3
2,111,0,,,,,2,0,2,1
,111,,,,,,,,,
4,111,0,,,,,4,0,4,3
6,111,0,,,,,6,0,6,3
6,111,0,,,,,6,0,6,4
4,111,0,,,,,4,0,4,3
4,111,0,,,,,4,0,4,4
7,111,0,,,,,7,0,7,5
8,111,0,,,,,8,0,8,5
8,111,0,,,,,8,0,8,7
6,111,0,,,,,6,0,6,4
10,111,0,,,,,10,0,10,6
6,111,0,,,1,,5,0,5,2
2,111,0,,,1,,1,0,1,1
2,111,0,,,,,2,0,2,1
1,111,0,,,,,1,0,1,1
1,111,0,,,,,1,0,1,1
6,111,0,,,,,6,0,6,4
4,111,0,,,,,4,0,4,4
9,111,0,,,,1,9,1,8,5
2,111,0,,,,1,2,1,1,1
5,111,0,,,,,5,0,5,2
12,111,0,,,,,12,0,12,7
3,111,0,,,,,3,0,3,2
,111,,,,,,,,,
3,111,0,,,,,3,0,3,2
6,111,0,,,,,6,0,6,2
2,111,0,,,,,2,0,2,1
2,111,0,,,,,2,0,2,2
,111,,,,,,,,,
6,111,0,,,1,,5,0,5,4
10,111,0,,,1,,9,0,9,8
7,111,0,,,,,7,0,7,7
4,111,0,,,,,4,0,4,4
4,111,0,,,,,4,0,4,2
,111,,,,,,,,,
1,111,0,,,,,1,0,1,1
4,111,0,,,,,4,0,4,3
1,111,0,,,,,1,0,1,1
,111,,,,,,,,,
,111,,,,,,,,,
2,111,0,,,,,2,0,2,1
3,111,0,,,,,3,0,3,3
1,111,0,,,,,1,0,1,1
6,111,0,,,,,6,0,6,5
14,111,0,,,,,14,0,14,10
13,111,0,,,,,13,0,13,7
2,111,0,,,,,2,0,2,2
,111,,,,,,,,,
,111,,,,,,,,,
3,59,0,,,,,3,0,3,2
1,59,0,,,,,1,0,1,1
,59,,,,,,,,,
1,59,0,,,,,1,0,1,1
14,59,1,,,,2,12,2,14,5
7,59,0,,,,,7,0,7,4
6,59,0,,,,,6,0,6,3
9,59,0,,,,,9,0,9,7
5,59,0,,,,,5,0,5,4
6,59,0,,,,,6,0,6,5
7,59,0,,,,1,7,1,6,6
5,59,0,,,,,5,0,5,3
4,59,0,,,,,4,0,4,3
4,59,0,,,,,4,0,4,2
2,59,0,,,,,2,0,2,1
6,59,0,,,,,6,0,6,4
5,59,0,,,,,5,0,5,3
4,59,0,,,,,4,0,4,2
5,59,0,,,,,5,0,5,2
8,59,0,,,,,8,0,8,4
5,59,0,,,,,5,0,5,1
8,59,0,,,,,8,0,8,5
4,59,0,,,,,4,0,4,3
2,59,0,,,,,2,0,2,1
,59,,,,,,,,,
7,59,0,,,,,7,0,7,4
10,59,0,,,,,10,0,10,5
6,59,0,,,,,6,0,6,3
,59,,,,,,,,,
,59,,,,,,,,,
,111,,,,,,,,,
,111,,,,,,,,,
4,111,0,,,,,4,0,4,4
2,111,0,,,,,2,0,2,1
,111,,,,,,,,,
2,111,0,,,,,2,0,2,1
4,111,0,,,,,4,0,4,4
8,111,1,,,,1,8,1,7,4
2,111,0,,,,,2,0,2,1
2,111,0,,,,,2,0,2,2
8,111,0,,,,,8,0,8,4
10,111,0,,,,,10,0,10,4
5,111,0,,,1,,4,0,4,1
2,111,0,,,,,2,0,2,1
4,111,1,,,,1,4,1,3,2
3,111,0,,,,,3,0,3,3
4,111,1,,,,1,4,1,3,1
12,111,1,,,1,1,11,2,9,6
1,111,0,,,,,1,0,1,1
5,111,1,,,,1,5,2,3,2
2,111,0,,,,,2,0,2,1
4,111,0,,,,,4,0,4,4
4,111,0,,,,,4,0,4,3
,111,,,,,,,,,
4,111,0,,,,,4,0,4,4
10,111,0,,,1,,9,0,9,8
9,111,0,,,,,9,0,9,9
2,111,0,,,,,2,0,2,1
3,111,0,,,,,3,0,3,3
8,111,0,,,1,,7,0,7,5
,111,,,,,,,,,
2,111,1,,,,1,2,1,1,0
1,111,0,,,,,1,0,1,1
6,111,0,,,,,6,0,6,4
8,111,0,,,,1,8,1,7,4
3,111,0,,,,,3,0,3,1
6,111,0,,,,,6,0,6,3
10,111,1,,,,1,10,1,9,5
2,111,0,,,,1,2,1,1,1
12,111,0,,,,,12,0,12,9
18,111,0,,,,,17,0,19,13
14,111,0,,,,,14,0,14,6
9,111,0,,,,,9,0,9,4
8,111,0,,,,,7,0,9,4
,111,,,,,,,,,
3,111,0,,,,,3,0,3,1
4,111,0,,,,1,4,1,3,2
7,111,0,,,,,7,0,7,5
7,111,0,,,,,7,0,7,4
8,111,0,,,,,8,0,8,6
8,111,0,,,,,8,0,8,5
1,111,0,,,,,1,0,1,1
4,111,0,,,,,4,0,4,3
4,111,0,,,1,,3,0,3,1
,111,,,,,,,,,
,111,,,,,,,,,
,86,,,,,,,,,
,86,,,,,,,,,
,86,,,,,,,,,
,86,,,,,,,,,
,86,,,,,,,,,
,86,,,,,,,,,
,86,,,,,,,,,
,86,0,1,1,,,,,,0
3,86,0,,,,,3,0,3,2
,86,,,,,,,,,
3,86,0,,,,,3,0,3,3
6,86,0,,,,,6,0,6,3
12,86,0,,,,,12,0,12,9
12,86,0,,,,,11,0,13,6
5,86,0,,,,,5,0,5,3
8,86,0,,,,,8,0,8,4
14,86,0,,,,,14,0,14,9
1,86,0,,,,,1,0,1,1
8,86,0,,,,,8,0,8,4
7,86,0,,,,,7,0,7,5
4,86,0,,,,,4,0,4,4
6,86,0,,,,,5,0,7,5
6,86,0,,,,,6,0,6,4
6,86,0,,,,,6,0,6,3
6,86,0,,,,,6,0,6,3
1,86,0,,,,,1,0,1,1
6,86,0,,,,,6,0,6,4
8,86,0,,,,,8,0,8,8
1,86,0,,,,,1,0,1,1
4,86,0,,,,1,4,1,3,3
,86,,,,,,,,,
,86,,,,,,,,,
5,86,0,,,,,5,0,5,2
8,86,0,,,,,8,0,8,5
6,86,0,,,,,6,0,6,6
2,86,0,,,,,2,0,2,1
2,86,0,,,,,2,0,2,1
,86,,,,,,,,,
8,86,0,,,,,8,0,8,5
1,86,0,,,,,1,0,1,1
,86,,,,,,,,,
,86,,,,,,,,,
,86,,,,,,,,,
,56,,,,,,,,,
3,56,0,,,,,3,0,3,1
1,56,0,,,1,,,0,0,0
4,56,0,,,,,4,0,4,2
8,56,0,,,,1,8,1,7,2
6,56,0,,,,,6,0,6,4
7,56,0,,,,,7,0,7,5
15,56,0,,,,,15,0,15,9
18,56,1,,,,1,18,1,17,11
10,56,0,,,,,10,0,10,3
7,56,0,,,,1,7,1,6,4
2,56,0,,,,,2,0,2,1
5,56,0,,,,,5,0,5,3
9,56,0,,,,,9,0,9,4
6,56,0,,,,,6,0,6,3
6,56,1,,,3,,3,1,2,1
2,56,0,,,,,2,0,2,1
2,56,0,,,1,,1,0,1,1
12,56,1,,,,1,12,1,11,4
2,56,1,,,,1,2,1,1,0
2,56,0,,,,,2,0,2,1
1,56,0,,,,,1,0,1,1
6,56,0,,,1,,5,0,5,2
4,56,0,,,,,4,0,4,1
2,56,0,,,,,2,0,2,1
2,56,0,,,,,2,0,2,2
3,56,0,,,,,3,0,3,2
2,56,0,,,,,2,0,2,2
1,118,0,,,,,1,0,1,1
3,118,0,,,,,3,0,3,2
2,118,0,,,,,2,0,2,2
4,118,0,,,,,4,0,4,4
9,118,0,,,1,,8,0,8,5
7,118,1,,,,1,7,1,6,2
6,118,0,,,,,6,0,6,4
1,118,0,,,,,1,0,1,1
15,118,0,,,,,15,0,15,8
17,118,0,,,3,,14,0,14,5
8,118,0,,,,1,8,1,7,5
5,118,0,,,,,5,0,5,4
7,118,0,,,,,7,0,7,5
6,118,0,,,1,,5,0,5,4
18,118,0,,,,,18,0,18,12
18,118,0,,,,1,18,1,17,9
5,118,0,,,,,5,0,5,3
5,118,0,,,,,5,0,5,3
4,118,0,,,,,4,0,4,2
2,118,0,,,1,,1,0,1,1
10,118,0,,,3,,7,1,6,4
7,118,0,,,,,7,0,7,5
8,118,0,,,,,8,0,8,6
5,118,0,,,,,5,0,5,4
5,118,0,,,,,5,0,5,4
7,118,0,,,,,7,0,7,5
9,118,0,,,,,9,0,9,5
8,118,0,,,1,,7,0,7,3
4,118,0,,,,,4,0,4,1
9,118,0,,,1,,8,0,8,6
1,118,0,,,,,1,0,1,1
6,118,0,,,,,6,0,6,2
10,118,0,,,1,,9,0,9,4
2,118,0,,,,,2,0,2,1
5,118,0,,,,1,5,1,4,4
5,118,2,,,,2,5,2,3,1
,118,0,1,1,,,,,,0
,118,,,,,,,,,
,118,0,1,1,,,,,,0
1,118,0,,,,,1,0,1,1
2,118,0,,,,,2,0,2,1
7,118,0,,,,,7,0,7,5
8,118,0,,,,2,8,2,6,5
2,118,2,,,,,2,2,0,0
2,118,0,,,,,2,0,2,2
7,118,0,,,,,7,0,7,4
7,118,0,,,,,7,0,7,5
6,118,0,,,,,6,0,6,3
7,118,0,,,,1,7,1,6,4
5,118,0,,,,,5,0,5,5
4,118,1,,,,,4,1,3,2
4,118,0,,,1,,3,0,3,3
1,118,0,,,1,,,0,0,0
1,118,0,,,,,1,0,1,1
3,118,1,,,,1,3,2,1,1
2,118,0,,,,1,2,1,1,1
,118,,,,,,,,,
,118,,,,,,,,,
,118,,,,,,,,,
7,46,0,,,,,7,0,7,6
5,46,0,,,,,5,0,5,4
8,46,0,,,,1,8,1,7,5
5,46,0,,,,,5,0,5,3
2,46,0,,,,,2,0,2,1
4,46,0,,,,,4,0,4,2
4,46,0,,,1,1,3,1,2,1
3,46,0,,,,,3,0,3,3
1,46,0,,,,,1,0,1,1
4,46,0,,,,,4,0,4,4
4,46,0,,,,,4,0,4,2
4,46,0,3,,,,4,0,4,3
5,46,0,,,,,5,0,5,3
7,46,0,,,,,7,0,7,4
4,46,0,,,,,4,0,4,1
2,46,0,,,,,2,0,2,1
3,46,0,,,,,3,0,3,1
,46,,,,,,,,,
1,46,0,,,,,1,0,1,1
1,46,0,,,,,1,0,1,1
2,46,0,,,,,2,0,2,1
5,46,0,,,2,,3,0,3,1
,46,,,,,,,,,
13,70,0,,,,,13,0,13,7
15,70,0,,,,,15,0,15,10
11,70,0,,,,,11,0,11,8
12,70,0,,,,,12,0,12,6
1,70,0,,,,,1,0,1,1
15,70,0,,,,,15,0,15,13
6,70,0,,,,,6,0,6,3
5,70,0,,,,,5,0,5,3
1,70,0,,,,,1,0,1,1
26,70,0,,,,,26,0,26,21
24,70,0,,,,,24,0,24,10
8,70,0,,,,,8,0,8,4
5,70,0,,,,,5,0,5,4
9,70,0,,,,2,9,2,7,4
4,70,0,,,,2,4,2,2,2
8,70,0,,,1,,7,0,7,3
16,70,0,,,,2,16,2,14,6
8,70,0,,,,,8,0,8,4
3,70,0,,,,,3,0,3,1
7,70,0,,,1,,6,0,6,3
13,70,0,,,1,,12,0,12,4
8,70,0,,,,,8,0,8,6
2,70,0,,,,,2,0,2,1
13,70,0,,,,,12,0,14,6
11,70,0,,,,,11,0,11,5
6,70,0,,,,,6,0,6,4
,70,0,1,1,,,,,,0
,70,,,,,,,,,
5,70,0,,,,,5,0,5,3
5,70,0,,,,,5,0,5,2
3,70,0,,,,,3,0,3,2
4,70,0,,,1,,3,0,3,1
5,70,0,,,,,5,0,5,2
2,70,0,,,,,2,0,2,1
,70,,,,,,,,,
2,114,0,,,,,2,0,2,2
1,114,0,,,,,1,0,1,1
1,114,0,,,,,1,0,1,1
10,114,0,,,,,10,0,10,7
14,114,0,,,,,14,0,14,9
12,114,0,,,,,12,0,12,11
2,114,0,,,,,2,0,2,1
2,114,0,,,,,2,0,2,2
1,114,0,,,,,1,0,1,1
5,114,0,,,,,5,0,5,1
9,114,2,,,,2,9,2,7,4
6,114,0,,,,,6,0,6,2
7,114,0,,,,1,7,1,6,3
,114,,,,,,,,,
,114,,,,,,,,,
3,114,0,,,,,3,0,3,3
5,114,0,,,,,5,0,5,4
5,114,0,,,,,5,0,5,4
6,114,0,,,,,6,0,6,5
9,114,0,,,,,9,0,9,6
3,114,0,,,,,3,0,3,2
1,114,0,,,,,1,0,1,1
1,114,0,,,,,1,0,1,1
1,114,0,,,,,1,0,1,1
,114,,,,,,,,,
,114,,,,,,,,,
5,114,0,,,,1,5,1,4,3
6,114,0,,,,,6,0,6,2
6,114,0,,,,,6,0,6,6
3,114,0,,,,,3,0,3,2
,114,,,,,,,,,
3,114,0,,,,,3,0,3,2
6,114,0,,,1,1,5,1,4,3
7,114,0,,,,1,7,2,5,4
5,114,0,,,,,5,0,5,4
9,114,0,,,,1,9,1,8,4
13,114,1,,,,3,13,4,9,5
1,114,0,,,,,1,0,1,1
3,114,0,,,1,,2,0,2,1
1,114,0,,,,,1,0,1,1
2,114,0,,,,,2,0,2,1
5,114,0,,,,,5,0,5,4
2,114,0,,,,,2,0,2,2
1,114,0,,,,,1,0,1,1
5,114,0,,,,,5,0,5,3
3,114,0,,,,,3,0,3,1
4,114,0,,,,,4,0,4,3
4,114,2,,,,,4,2,2,2
4,114,1,,,,,4,1,3,3
4,114,1,,,,1,4,1,3,2
1,114,1,,,,,1,1,0,0
2,114,0,,,,1,2,1,1,1
2,114,0,,,,1,2,1,1,1
4,114,0,,,,,4,0,4,2
2,114,0,,,,,2,0,2,1
1,114,0,,,,,1,0,1,1
,114,,,,,,,,,
,78,,,,,,,,,
,78,,,,,,,,,
3,78,0,,,,,3,0,3,3
3,78,0,,,,,3,0,3,3
,78,,,,,,,,,
7,78,0,,,,,7,0,7,5
5,78,1,,,,1,5,1,4,3
4,78,0,,,,,4,0,4,3
9,78,1,,,,1,9,1,8,4
6,78,0,,,,,6,0,6,4
6,78,2,,,,2,6,2,4,0
8,78,0,,,,,8,0,8,4
3,78,0,,,,,3,0,3,1
,78,,,,,,,,,
,78,,,,,,,,,
2,78,0,,,,,2,0,2,1
5,78,0,,,,,5,0,5,4
9,78,0,,,,1,9,1,8,7
6,78,1,,,,1,6,1,5,3
1,78,0,,,,,1,0,1,1
3,78,0,,,,,3,0,3,2
2,78,2,,,,,2,2,0,0
2,78,2,,,,,2,2,0,0
2,78,0,,,,,2,0,2,1
8,78,0,,,1,1,7,1,6,2
4,78,1,,,1,1,3,2,1,0
,78,0,1,1,,,,,,0
4,78,0,,,,1,4,1,3,3
6,78,0,,,,,6,0,6,4
2,78,1,,,,1,2,1,1,0
2,78,0,,,,1,2,1,1,1
5,78,0,,,,,5,0,5,3
5,78,3,,,,1,5,3,2,1
4,78,0,,,,1,4,1,3,1
10,78,0,,,,,9,0,11,3
5,78,0,,,,,4,0,6,3
,78,,,,,,,,,
,78,,,,,,,,,
,78,,,,,,,,,
6,65,5,,,,,6,6,0,0
,65,,,,,,,,,
2,65,0,,,,,2,0,2,1
,65,,,,,,,,,
,65,,,,,,,,,
1,65,0,,,,,1,0,1,1
17,65,1,,,4,1,13,1,12,7
6,65,0,,,,,6,0,6,5
12,65,0,,,,,12,0,12,7
14,65,0,,,1,,13,0,13,11
18,65,2,,,1,1,17,2,15,7
16,65,0,,,3,,13,0,13,9
8,65,0,,,,,8,0,8,7
9,65,0,,,,,9,0,9,8
16,65,0,,,,,16,0,16,13
1,65,0,,,,,1,0,1,1
10,65,0,,,,,10,0,10,9
7,65,0,,,,,7,0,7,5
9,65,1,,,,1,9,1,8,4
4,65,0,,,,,4,0,4,2
3,65,0,,,,,3,0,3,2
8,65,0,,,,,8,0,8,5
11,65,0,,,1,,10,0,10,7
4,65,0,,,,,4,0,4,2
8,65,0,,,,,8,0,8,5
10,65,0,,,,,10,0,10,3
3,65,0,,,,,3,0,3,1
2,65,0,,,,,2,0,2,1
6,65,0,,,,,6,0,6,3
6,65,0,,,,,6,0,6,4
4,65,0,,,,,4,0,4,2
,65,,,,,,,,,
,65,,,,,,,,,
,48,,,,,,,,,
2,48,0,,,,,2,0,2,2
9,48,0,,,,,9,0,9,7
9,48,0,,,2,,7,0,7,2
13,48,0,,,,,13,0,13,8
13,48,0,,,,,13,0,13,8
7,48,0,,,,,7,0,7,3
2,48,0,,,,,2,0,2,1
5,48,0,,,1,,4,0,4,4
16,48,0,,,,,16,0,16,9
13,48,0,,,,,13,0,13,10
,48,,,,,,,,,
,48,,,,,,,,,
4,48,0,,,,1,4,1,3,2
2,48,0,,,,,2,0,2,1
2,48,0,,,1,,1,0,1,0
,48,,,,,,,,,
3,48,0,,,,,3,0,3,2
11,48,0,,,,1,11,1,10,5
16,48,0,,,,2,16,2,14,8
1,48,0,,,,,1,0,1,1
4,48,0,,,,,4,0,4,4
4,48,0,,,,,4,0,4,4
,48,,,,,,,,,
4,98,0,,,,,4,0,4,4
3,98,0,,,,,3,0,3,3
3,98,0,,,,,3,0,3,3
,98,,,,,,,,,
,98,,,,,,,,,
4,98,0,,,,,4,0,4,2
2,98,0,,,,,2,0,2,2
,98,,,,,,,,,
,98,,,,,,,,,
1,98,0,,,,,1,0,1,1
7,98,0,,,,,7,0,7,4
3,98,1,1,,,1,3,1,2,0
,98,,,,,,,,,
4,98,0,,,,,4,0,4,2
1,98,0,,,,,1,0,1,1
3,98,0,,,,,3,0,3,3
,98,,,,,,,,,
,98,,,,,,,,,
,98,,,,,,,,,
,98,,,,,,,,,
2,98,0,,,,,2,0,2,1
2,98,0,,,,,2,0,2,1
,98,,,,,,,,,
3,98,0,,,,,3,0,3,1
3,98,0,,,,,3,0,3,2
2,98,0,,,1,,1,0,1,0
4,98,0,,,,1,4,1,3,2
3,98,0,,,,,3,0,3,2
2,98,0,,,,,2,0,2,1
4,98,0,,,1,1,3,1,2,1
2,98,0,,,,,2,0,2,1
,98,,,,,,,,,
1,98,0,,,,,1,0,1,1
7,98,0,,,,,7,0,7,3
3,98,0,,,,,3,0,3,2
2,98,0,,,,,2,0,2,1
1,98,0,,,,,1,0,1,1
3,98,0,,,,,3,0,3,2
1,98,0,,,,,1,0,1,1
2,98,0,1,,,,2,0,2,1
,98,,,,,,,,,
,98,,,,,,,,,
,98,,,,,,,,,
3,98,0,,,,,3,0,3,2
2,98,0,,,,,2,0,2,1
,98,,,,,,,,,
2,98,0,,,1,,1,0,1,1
,98,,,,,,,,,
2,98,0,1,,2,,,0,0,0
1,77,0,,,,,1,0,1,1
4,77,0,,,,,4,0,4,4
10,77,0,,,,1,10,1,9,6
12,77,0,,,,,12,0,12,9
2,77,0,,,,,2,0,2,1
9,77,0,,,,,9,0,9,6
6,77,0,,,,1,6,1,5,5
6,77,0,,,,,6,0,6,5
9,77,0,,,,,9,0,9,6
14,77,0,,,,,14,0,14,6
11,77,0,,,,,11,0,11,9
2,77,0,,,,,2,0,2,1
12,77,1,,,,1,12,1,11,5
2,77,0,,,,,2,0,2,1
6,77,0,,,,,6,0,6,6
11,77,0,,,,,11,0,11,6
15,77,0,,,1,,14,0,14,9
9,77,0,,,,,9,0,9,4
6,77,0,,,,,6,0,6,4
4,77,0,,,,,4,0,4,2
5,77,0,,,,,5,0,5,4
6,77,0,,,,,6,0,6,5
3,77,0,,,,,3,0,3,3
10,77,0,,,,,10,0,10,10
18,77,0,,,,,18,0,18,12
4,77,0,,,,,4,0,4,1
6,77,0,,,,,6,0,6,3
8,77,0,,,,,8,0,8,6
13,77,0,,,,,13,0,13,10
7,77,0,,,,,7,0,7,4
,77,,,,,,,,,
,77,,,,,,,,,
1,77,0,,,,,1,0,1,1
9,77,0,,,,,9,0,9,8
9,77,0,,,,,9,0,9,5
14,77,0,,,,,14,0,14,8
10,77,0,,,,,10,0,10,6
,77,,,,,,,,,
,77,,,,,,,,,
,77,,,,,,,,,
,77,,,,,,,,,
,77,,,,,,,,,
,77,,,,,,,,,
2,77,0,,,,,2,0,2,1
14,77,0,,,,,14,0,14,11
1,77,0,,,,,1,0,1,1
2,77,0,,,,,2,0,2,1
12,77,1,,,1,,11,2,9,5
,77,,,,,,,,,
5,77,0,,,,,5,0,5,3
19,77,0,,,,,19,0,19,11
16,77,0,,,1,,15,0,15,10
12,77,0,,,1,,10,0,12,9
2,77,0,,,,,2,0,2,1
10,77,0,,,,,10,0,10,6
9,77,0,,,1,,8,0,8,4
2,77,0,,,,,2,0,2,1
3,77,1,,,,1,3,1,2,0
,77,,,,,,,,,
,77,,,,,,,,,
,77,,,,,,,,,
,77,,,,,,,,,
,77,,,,,,,,,
,77,,,,,,,,,
13,77,1,,,,1,13,1,12,4
14,77,2,,,3,2,11,2,9,1
2,77,0,,,,,2,0,2,1
21,77,2,,,,1,20,4,18,8
19,77,4,,,,,19,7,12,8
2,77,0,,,,1,2,1,1,1
4,77,0,,,,,4,0,4,1
,77,,,,,,,,,
,77,,,,,,,,,
4,77,1,,,1,,3,3,0,0
,77,,,,,,,,,
,77,,,,,,,,,
1,77,0,,,,,1,0,1,1
1,77,0,,,,,1,0,1,1
2,33,0,,,,,2,0,2,2
4,33,0,,,,,4,0,4,3
1,33,0,,,,,1,0,1,1
12,33,0,,,,,12,0,12,8
8,33,0,,,,,8,0,8,7
4,33,0,,,,,4,0,4,2
2,33,0,,,,,2,0,2,2
2,33,0,,,,,2,0,2,1
2,33,0,,,,,2,0,2,1
13,33,0,,,,1,13,1,12,6
11,33,0,,,,,11,0,11,4
5,33,0,,,,,5,0,5,3
1,33,0,,,,,1,0,1,1
10,33,0,,,,,10,0,10,5
10,33,0,,,1,,9,0,9,3
3,33,0,,,2,,1,0,1,0
3,33,3,,,,,3,3,0,0
9,46,0,,,,,9,0,9,6
15,46,0,,,,,15,0,15,6
13,46,0,,,,,13,0,13,10
13,46,0,,,,,13,0,13,10
7,46,0,,,,,7,0,7,5
8,46,0,,,,,8,0,8,4
9,46,0,,,,,9,0,9,7
10,46,0,,,,,10,0,10,7
3,46,0,,,2,,1,0,1,0
9,46,0,,,3,,6,0,6,4
8,46,0,,,,,8,0,8,7
17,46,0,,,,,17,0,17,9
12,46,0,,,,,12,0,12,6
15,46,0,,,2,1,13,1,12,5
3,46,0,,,,,3,0,3,1
14,46,0,,,,,14,0,14,9
17,46,0,,,,,17,0,17,10
9,46,0,,,,,9,0,9,6
2,46,0,,,,,2,0,2,1
3,46,0,,,,,3,0,3,2
7,46,0,,,,,7,0,7,5
5,46,0,,,,,5,0,5,4
,46,,,,,,,,,
3,36,0,,,,1,3,1,2,1
7,36,0,,,,,7,0,7,5
11,36,0,,,1,,10,0,10,4
12,36,0,,,,,12,0,12,6
10,36,0,,,,,10,0,10,7
11,36,0,,,,,11,0,11,7
3,36,0,,,,,3,0,3,1
15,36,0,,,,,15,0,15,9
3,36,0,,,,,3,0,3,1
4,36,0,,,,,4,0,4,1
9,36,0,,,,,9,0,9,4
2,36,0,,,,,2,0,2,1
4,36,1,,,,1,4,1,3,1
7,36,0,,,,,7,0,7,3
3,36,0,,,,,3,0,3,1
6,36,1,,,,1,6,1,5,3
1,36,0,,,,,1,0,1,1
,36,,,,,,,,,
7,19,0,,,,,7,0,7,3
3,19,0,,,,,3,0,3,1
13,19,0,,,,,13,0,13,8
18,19,0,,,,,18,0,18,9
11,19,0,,,,,11,0,11,6
12,19,0,,,,,12,0,12,5
6,19,0,,,,,6,0,6,2
9,19,0,,,,,9,0,9,5
5,19,0,,,,,5,0,5,3
,19,,,,,,,,,
2,67,1,,,,1,2,1,1,0
6,67,0,,,,,6,0,6,4
10,67,0,,,1,,9,0,9,6
4,67,0,,,,1,4,1,3,3
2,67,0,,,,1,2,1,1,1
,67,,,,,,,,,
8,67,0,,,,,8,0,8,8
3,67,0,,,,,3,0,3,1
6,67,0,,,,,6,0,6,5
11,67,0,,,,,11,0,11,9
14,67,0,,,3,,11,0,11,5
14,67,0,,,,,14,0,14,9
3,67,0,,,,,3,0,3,2
4,67,0,,,,1,4,3,1,1
3,67,0,,,,1,3,2,1,1
8,67,0,,,,,8,0,8,7
13,67,0,,,,,13,0,13,9
2,67,0,,,,,2,0,2,1
3,67,0,,,,,3,0,3,2
7,67,0,,,,,7,0,7,5
3,67,0,,,,,3,0,3,1
19,67,0,,,,,19,0,19,11
7,67,0,,,,,7,0,7,5
,67,,,,,,,,,
2,67,1,,,,,2,2,0,0
6,67,1,,,,,5,1,6,3
2,67,0,,,,1,2,1,1,1
6,67,0,,,,,6,0,6,5
6,67,0,,,,,6,0,6,5
10,67,0,,,,,10,0,10,9
7,67,0,,,,,7,0,7,6
,67,,,,,,,,,
,67,,,,,,,,,
,67,,,,,,,,,
3,60,0,,,,,3,0,3,3
3,60,1,,,,1,3,1,2,1
3,60,1,,,,,3,1,2,1
7,60,0,,,,,7,0,7,7
1,60,0,,,,,1,0,1,1
9,60,0,,,,,9,0,9,7
,60,,,,,,,,,
8,60,0,,,,,8,0,8,5
14,60,0,,,,,14,0,14,9
13,60,0,,,,,13,0,13,9
11,60,0,,,,,11,0,11,10
16,60,0,,,,,16,0,16,12
16,60,0,,,,,16,0,16,9
13,60,0,,,,,13,0,13,9
2,60,0,,,,,2,0,2,1
11,60,0,,,,,11,0,11,8
6,60,0,,,,,6,0,6,5
10,60,0,,,,,10,0,10,10
22,60,0,,,2,1,20,2,18,14
3,60,0,,,,,3,0,3,1
19,60,0,,,3,,16,0,16,12
1,60,0,,,,,1,0,1,1
20,60,0,,,,,20,0,20,10
14,60,0,,,,,14,0,14,11
8,60,0,,,,,8,0,8,2
5,60,0,,,,,5,0,5,4
5,60,0,,,,,5,0,5,4
,60,,,,,,,,,
,60,,,,,,,,,
,60,,,,,,,,,
,163,,,,,,,,,
,163,,,,,,,,,
3,163,1,,,,,3,1,2,2
8,163,0,,,,1,8,1,7,5
5,163,0,,,,,5,0,5,4
2,163,0,,,,,2,0,2,1
4,163,0,,,,,4,0,4,3
10,163,0,,,,,10,0,10,7
13,163,0,,,,,13,0,13,8
4,163,0,,,1,,3,0,3,2
3,163,0,,,,,3,0,3,2
3,163,0,,,,,3,0,3,3
4,163,0,,,,,4,0,4,4
5,163,0,,,,,5,0,5,4
32,163,0,,,1,,31,0,31,18
14,163,0,,,1,,13,0,13,8
10,163,0,,,,1,10,1,9,5
1,163,0,,,,,1,0,1,1
5,163,2,,,,1,5,2,3,2
1,163,0,,,,,1,0,1,1
7,163,0,,,,,7,0,7,5
12,163,0,,,,,12,0,12,7
8,163,0,,,,,8,0,8,6
5,163,0,,,,,5,0,5,4
2,163,0,,,,1,2,1,1,1
8,163,0,,,,,8,0,8,6
11,163,0,,,,,11,0,11,6
12,163,0,,,,,12,0,12,5
9,163,0,,,,1,9,1,8,6
9,163,0,,,,1,9,1,8,7
6,163,0,,,,,6,0,6,4
11,163,0,,,,,11,0,11,6
34,163,0,,,,,34,0,34,21
10,163,0,,,,,10,0,10,6
9,163,0,,,2,,7,0,7,4
7,163,0,,,1,1,6,1,5,3
18,163,0,,,1,,17,0,17,11
11,163,0,,,,,11,0,11,6
1,163,0,,,,,1,0,1,1
6,163,1,,,,1,6,1,5,2
7,163,0,,,3,,4,0,4,4
9,163,0,,,4,,5,0,5,3
8,163,0,,,,,8,0,8,5
11,163,0,,,,,11,0,11,7
10,163,0,,,,1,10,1,9,6
4,163,0,,,,,4,0,4,2
7,163,0,,,,,7,0,7,5
12,163,0,,,,,12,0,12,7
8,163,0,,,,,8,0,8,4
15,163,0,,,,,15,0,15,10
16,163,0,,,,,16,0,16,12
11,163,0,,,,,11,0,11,8
8,163,0,,,,,8,0,8,4
2,163,0,,,,,2,0,2,1
8,163,0,,,,,8,0,8,3
4,163,0,,,,,4,0,4,2
4,163,0,,,,,4,0,4,3
5,163,0,,,,,5,0,5,5
5,163,0,,,,,5,0,5,4
1,163,0,,,,,1,0,1,1
7,163,0,,,,,7,0,7,4
7,163,0,,,,,7,0,7,6
12,163,0,,,,,12,0,12,8
10,163,0,,,,,10,0,10,10
12,163,0,,,,,12,0,12,10
1,163,0,,,,,1,0,1,1
6,163,0,,,,,6,0,6,3
2,163,0,,,,,2,0,2,1
5,163,0,,,,,5,0,5,4
,163,,,,,,,,,
4,163,0,,,,,4,0,4,3
2,163,0,,,,,2,0,2,1
1,163,0,,,,,1,0,1,1
3,163,0,,,,,3,0,3,3
4,163,0,,,,,4,0,4,4
2,163,0,,,1,,1,0,1,1
2,163,0,,,,1,2,1,1,1
4,163,0,,,1,1,3,1,2,2
,163,,,,,,,,,
,163,,,,,,,,,
,163,,,,,,,,,
,163,,,,,,,,,
,142,,,,,,,,,
,142,,,,,,,,,
,142,,,,,,,,,
2,142,0,,,,1,2,1,1,1
3,142,0,,,,1,2,2,2,1
,142,,,,,,,,,
1,142,0,,,,,1,0,1,1
3,142,0,,,,,3,0,3,2
2,142,0,,,,1,2,1,1,1
2,142,1,,,,1,2,1,1,0
,142,,,,,,,,,
,142,,,,,,,,,
1,142,0,,,,,1,0,1,1
4,142,1,,,,1,4,1,3,2
8,142,0,,,,,8,0,8,7
1,142,0,,,,,1,0,1,1
2,142,0,,,,,2,0,2,2
7,142,0,,,,,7,0,7,3
14,142,0,,,,,14,0,14,9
10,142,0,,,,,10,0,10,7
2,142,0,,,,,2,0,2,2
3,142,0,,,,,3,0,3,2
6,142,0,,,,,6,0,6,3
11,142,0,,,,,11,0,11,7
8,142,0,,,,,8,0,8,5
,142,,,,,,,,,
5,142,0,,,,1,5,1,4,2
2,142,0,,,,,2,0,2,1
10,142,1,,,,1,10,3,7,5
1,142,0,,,,,1,0,1,1
10,142,0,,,,,10,0,10,5
6,142,0,,,,,6,0,6,4
,142,,,,,,,,,
,142,,,,,,,,,
,142,,,,,,,,,
2,142,1,,,,,2,2,0,0
2,142,1,,,,,2,2,0,0
,142,,,,,,,,,
2,142,0,,,,,2,0,2,2
6,142,5,,,,,6,6,0,0
11,142,4,,,1,,10,10,0,0
6,142,5,,,,,6,6,0,0
4,142,3,,,,,4,4,0,0
4,142,4,,,,,4,4,0,0
7,142,3,,,,,7,7,0,0
3,142,1,,,,,3,3,0,0
7,142,4,,,,,7,7,0,0
9,142,5,,,,,9,8,1,1
13,142,8,,,,,13,13,0,0
15,142,7,,,1,,14,14,0,0
1,142,0,,,,,1,0,1,1
6,142,2,,,,1,6,5,1,1
5,142,0,,,,2,5,3,2,2
5,142,3,,,,,5,5,0,0
7,142,4,,,,,7,7,0,0
2,142,1,,,,,2,2,0,0
12,142,7,,,,,12,12,0,0
11,142,9,,,,,11,11,0,0
1,142,0,,,1,,,0,0,0
6,142,3,,,1,,5,5,0,0
,142,,,,,,,,,
,142,,,,,,,,,
2,142,1,,,,,2,2,0,0
4,142,1,,,,,4,4,0,0
,142,,,,,,,,,
2,142,0,,,,,2,0,2,2
3,142,1,,,,,3,1,2,2
1,142,1,,,,,1,1,0,0
1,142,1,,,,,1,1,0,0
,142,,,,,,,,,
,142,,,,,,,,,
,50,,,,,,,,,
2,50,0,,,,,2,0,2,2
8,50,0,,,,,7,0,10,4
4,50,0,,,,,4,0,4,3
1,50,0,,,,,1,0,1,1
14,50,0,,,,,14,0,14,12
16,50,0,,,,,16,0,16,15
12,50,0,,,,,12,0,12,9
10,50,0,,,1,,9,0,9,8
1,50,0,,,,,1,0,1,1
5,50,3,,,,1,5,3,2,0
19,50,1,,,,3,19,3,16,11
23,50,0,,,,,23,0,23,17
15,50,0,,,2,,13,0,13,8
8,50,0,,,2,,6,0,6,4
15,50,0,,,1,,14,0,14,10
8,50,0,,,,,8,0,8,5
4,50,0,,,,,4,0,4,2
11,50,0,,,,,11,0,11,10
6,50,0,,,,,6,0,6,4
6,50,0,,,,,6,0,6,4
,50,,,,,,,,,
,50,,,,,,,,,
,50,,,,,,,,,
,50,,,,,,,,,
,116,,,,,,,,,
,116,,,,,,,,,
2,116,0,,,,1,2,1,1,1
,116,,,,,,,,,
1,116,0,,,,,1,0,1,1
4,116,0,,,,,4,0,4,3
3,116,0,,,,,3,0,3,2
,116,0,1,1,,,,,,0
,116,,,,,,,,,
,116,,,,,,,,,
,116,,,,,,,,,
,116,,,,,,,,,
6,116,0,,,,,6,0,6,5
7,116,0,,,,,7,0,7,5
3,116,0,,,,,3,0,3,2
11,116,0,,,,1,11,1,10,7
8,116,0,,,,,8,0,8,8
4,116,0,,,,,4,0,4,3
2,116,0,1,,1,,1,0,1,1
1,116,0,,,,,1,0,1,1
2,116,0,,,,,2,0,2,1
,116,,,,,,,,,
5,116,0,,,,,5,0,5,4
6,116,0,,,,,6,0,6,4
2,116,0,,,,1,2,1,1,1
,116,,,,,,,,,
6,116,0,,,,,6,0,6,6
8,116,1,,,,1,8,1,7,6
2,116,0,,,,1,2,1,1,1
,116,,,,,,,,,
,116,,,,,,,,,
4,116,0,,,,,4,0,4,2
7,116,0,,,1,,6,0,6,3
1,116,0,,,,,1,0,1,1
,116,,,,,,,,,
,116,,,,,,,,,
,116,,,,,,,,,
,116,,,,,,,,,
6,116,0,,,,,6,0,6,4
15,116,0,,,,,15,0,15,10
8,116,0,,,,,8,0,8,6
1,116,0,,,,,1,0,1,1
3,116,0,,,,,3,0,3,2
4,116,0,,,,,4,0,4,3
,116,,,,,,,,,
2,116,0,,,,,2,0,2,1
4,116,0,,,,,4,0,4,2
2,116,0,,,,1,2,1,1,1
4,116,0,,,,,4,0,4,3
3,116,0,,,,,3,0,3,2
,116,,,,,,,,,
3,116,0,,,,,3,0,3,2
3,116,0,,,,,3,0,3,2
3,116,0,,,,,3,0,3,3
3,116,0,,,,,3,0,3,3
2,116,0,,,,,2,0,2,2
4,116,0,,,,1,4,1,3,2
1,116,1,,,,,1,1,0,0
8,75,0,,,,,7,0,9,6
7,75,0,,,,,7,0,7,5
7,75,0,,,,,7,0,7,4
3,75,0,,,,1,3,1,2,2
6,75,0,,,,,6,0,6,4
9,75,0,,,,,9,0,9,3
9,75,0,,,,,9,0,9,8
20,75,0,,,,,20,0,20,10
14,75,0,,,1,,13,0,13,7
3,75,0,,,,,3,0,3,1
,75,,,,,,,,,
4,75,0,,,,1,4,1,3,2
4,75,0,,,,1,4,1,3,3
1,75,0,,,,,1,0,1,1
1,75,0,,,,,1,0,1,1
13,75,0,,,2,,11,0,11,10
8,75,0,,,,,8,0,8,6
7,75,0,,,,,7,0,7,4
2,75,0,,,,,2,0,2,1
6,75,0,,,1,1,5,1,4,3
10,75,0,,,3,,7,0,7,3
6,75,0,,,,,6,0,6,3
5,75,0,,,,,5,0,5,3
4,75,0,,,,,4,0,4,3
4,75,0,,,,,4,0,4,2
4,75,0,,,,,4,0,4,2
4,75,0,,,,,4,0,4,2
5,75,0,,,,,5,0,5,2
5,75,0,,,,,5,0,5,3
11,75,0,,,,,11,0,11,4
4,75,0,,,,,4,0,4,2
,75,,,,,,,,,
7,75,0,,,1,,6,0,6,3
10,75,0,,,1,,9,0,9,5
7,75,0,,,,,7,0,7,4
2,75,0,,,,,2,0,2,1
,75,,,,,,,,,
,75,,,,,,,,,
,118,,,,,,,,,
,118,,,,,,,,,
3,118,0,,,,,3,0,3,3
10,118,0,,,,,10,0,10,6
11,118,0,,,1,,10,0,10,3
5,118,0,,,,,5,0,5,4
2,118,0,,,,,2,0,2,1
12,118,0,,,5,,7,0,7,3
,118,,,,,,,,,
9,118,0,,,,,9,0,9,3
5,118,0,,,1,,4,0,4,1
2,118,0,,,,,2,0,2,1
8,118,0,,,1,1,7,1,6,3
5,118,0,,,,,5,0,5,3
9,118,0,,,,,9,0,9,5
14,118,0,,,,,14,0,14,9
16,118,0,,,,,15,0,17,12
9,118,0,,,,,9,0,9,8
1,118,0,,,,,1,0,1,1
8,118,0,,,,,7,0,9,5
6,118,0,,,1,,5,0,5,3
,118,,,,,,,,,
,118,,,,,,,,,
,118,,,,,,,,,
23,118,0,,,,,23,0,23,14
21,118,0,,,,,21,0,21,13
14,118,0,,,,,14,0,14,8
16,118,0,,,,1,16,1,15,9
,118,,,,,,,,,
9,118,1,,,1,1,8,1,7,4
2,118,0,,,,,2,0,2,1
16,118,1,,,,2,16,2,14,9
12,118,0,,,,,12,0,12,7
21,118,0,,,,,21,0,21,14
17,118,0,,,,,17,0,17,8
,118,,,,,,,,,
10,118,0,,,,,10,0,10,6
9,118,0,,,,,9,0,9,6
,118,,,,,,,,,
17,118,0,,,,,17,0,17,11
19,118,0,,,,,19,0,19,16
,118,,,,,,,,,
17,118,0,,,,,17,0,17,14
19,118,0,,,1,,18,0,18,12
11,118,0,,,,,11,0,11,10
1,118,0,,,,,1,0,1,1
5,118,0,,,,,5,0,5,5
8,118,0,,,,,8,0,8,7
7,118,0,,,,,7,0,7,6
,118,,,,,,,,,
7,118,0,,,,,7,0,7,4
4,118,0,,,,,4,0,4,3
,118,0,1,1,,,,,,0
10,118,0,,,,,10,0,10,7
9,118,0,,,,,9,0,9,6
3,118,0,,,,,3,0,3,3
4,118,0,,,,,4,0,4,4
,118,,,,,,,,,
,118,,,,,,,,,
8,27,0,,,,,8,0,8,7
22,27,0,,,,,22,0,22,17
24,27,0,,,1,,23,0,23,12
13,27,0,,,,,13,0,13,5
15,27,0,,,,,15,0,15,10
19,27,0,,,,,19,0,19,11
11,27,0,,,,,11,0,11,8
11,27,0,,,,,11,0,11,5
20,27,0,,,,,20,0,20,12
16,27,0,,,,,16,0,16,12
6,27,0,,,,,6,0,6,6
2,27,0,,,,,2,0,2,2
,27,,,,,,,,,
,27,,,,,,,,,
