index,excerpt,goal,i_match,s_match,turn_match,multiturn
0,"Interviewer: Yeah. Alright. Well, can you expatiate a little bit about your experience with creating your profile on Linkedin?

Stakeholder: Okay, sure. So like, I joined Linkedin a few years ago. So like, [I've made like quite a few edits to my personal profile.] So to make those edits, you just click on your personal picture on the top left of the screen. And after that you'll just click, view profile. and [to make the edits. To your personal profile] you can add the add section button where you can like edit the about section or education section or position section and etc. So let's say, we click on the about section. And after that you can just add the edit, the about section, and after that you click on the save button. Then you're up. The updates that you, the changes that you make will be updated. And also, you can upload your resume to Linkedin. Yeah? And also, like you can update your status like indicating you're open to work and to do. So, you just click on the open to button on your profile page. And you can select, like. like, you're finding a new job and set your preferences. Yeah.

Interviewer: Wow! No, I believe that's very detailed. However, I would want to understand. In the entire journey. Were there any obstacles that you faced while using Linkedin.

Stakeholder: a 1 obstacle that I face is with Job filtering. because Linkedin's filters are somewhat limited, and I often wish there was a way to filter the jobs by specific skills or technologies rather than just job titles or locations. Because sometimes I want to look for jobs that mention specific software or programming languages. But Linkedin doesn't provide these granular options. and another challenge is connecting with certain people who have strict privacy settings. For example, I'll send an connection request with the personalized message. But sometimes I don't get a response, or my request is ignored because Linkedin limits the direct connections with people outside the network.
",Edit a personal profile,0,2,"[19, 19]",N
1,"Interviewer: Yeah. Alright. Well, can you expatiate a little bit about your experience with creating your profile on Linkedin?

Stakeholder: Okay, sure. So like, I joined Linkedin a few years ago. So like, I've made like quite a few edits to my personal profile. So to make those edits, you just click on your personal picture on the top left of the screen. And after that you'll just click, view profile. and to make the edits. To your personal profile you can add the add section button where [you can like edit the about section] or education section or position section and etc. So let's say, [we click on the about section. And after that you can just add the edit, the about section], and after that you click on the save button. Then you're up. The updates that you, the changes that you make will be updated. And also, you can upload your resume to Linkedin. Yeah? And also, like you can update your status like indicating you're open to work and to do. So, you just click on the open to button on your profile page. And you can select, like. like, you're finding a new job and set your preferences. Yeah.

Interviewer: Wow! No, I believe that's very detailed. However, I would want to understand. In the entire journey. Were there any obstacles that you faced while using Linkedin.

Stakeholder: a 1 obstacle that I face is with Job filtering. because Linkedin's filters are somewhat limited, and I often wish there was a way to filter the jobs by specific skills or technologies rather than just job titles or locations. Because sometimes I want to look for jobs that mention specific software or programming languages. But Linkedin doesn't provide these granular options. and another challenge is connecting with certain people who have strict privacy settings. For example, I'll send an connection request with the personalized message. But sometimes I don't get a response, or my request is ignored because Linkedin limits the direct connections with people outside the network.
",Add or edit an about section,0,2,"[19, 19]",N
2,"Interviewer: Yeah. Alright. Well, can you expatiate a little bit about your experience with creating your profile on Linkedin?

Stakeholder: Okay, sure. So like, I joined Linkedin a few years ago. So like, I've made like quite a few edits to my personal profile. So to make those edits, you just click on your personal picture on the top left of the screen. And after that you'll just click, view profile. and to make the edits. To your personal profile you can add the add section button where [you can like edit the about section or education section] or position section and etc. So let's say, we click on the about section. And after that you can just add the edit, the about section, and after that you click on the save button. Then you're up. The updates that you, the changes that you make will be updated. And also, you can upload your resume to Linkedin. Yeah? And also, like you can update your status like indicating you're open to work and to do. So, you just click on the open to button on your profile page. And you can select, like. like, you're finding a new job and set your preferences. Yeah.

Interviewer: Wow! No, I believe that's very detailed. However, I would want to understand. In the entire journey. Were there any obstacles that you faced while using Linkedin.

Stakeholder: a 1 obstacle that I face is with Job filtering. because Linkedin's filters are somewhat limited, and I often wish there was a way to filter the jobs by specific skills or technologies rather than just job titles or locations. Because sometimes I want to look for jobs that mention specific software or programming languages. But Linkedin doesn't provide these granular options. and another challenge is connecting with certain people who have strict privacy settings. For example, I'll send an connection request with the personalized message. But sometimes I don't get a response, or my request is ignored because Linkedin limits the direct connections with people outside the network.
",Add or edit an education section,0,1,[19],N
3,"Interviewer: Yeah. Alright. Well, can you expatiate a little bit about your experience with creating your profile on Linkedin?

Stakeholder: Okay, sure. So like, I joined Linkedin a few years ago. So like, I've made like quite a few edits to my personal profile. So to make those edits, you just click on your personal picture on the top left of the screen. And after that you'll just click, view profile. and to make the edits. To your personal profile you can add the add section button where you can like edit the about section or education section [or position section] and etc. So let's say, we click on the about section. And after that you can just add the edit, the about section, and after that you click on the save button. Then you're up. The updates that you, the changes that you make will be updated. And also, you can upload your resume to Linkedin. Yeah? And also, like you can update your status like indicating you're open to work and to do. So, you just click on the open to button on your profile page. And you can select, like. like, you're finding a new job and set your preferences. Yeah.

Interviewer: Wow! No, I believe that's very detailed. However, I would want to understand. In the entire journey. Were there any obstacles that you faced while using Linkedin.

Stakeholder: a 1 obstacle that I face is with Job filtering. because Linkedin's filters are somewhat limited, and I often wish there was a way to filter the jobs by specific skills or technologies rather than just job titles or locations. Because sometimes I want to look for jobs that mention specific software or programming languages. But Linkedin doesn't provide these granular options. and another challenge is connecting with certain people who have strict privacy settings. For example, I'll send an connection request with the personalized message. But sometimes I don't get a response, or my request is ignored because Linkedin limits the direct connections with people outside the network.
",Add or edit a position section,0,1,[19],N
4,"Interviewer: Yeah. Alright. Well, can you expatiate a little bit about your experience with creating your profile on Linkedin?

Stakeholder: Okay, sure. So like, I joined Linkedin a few years ago. So like, I've made like quite a few edits to my personal profile. So to make those edits, you just click on your personal picture on the top left of the screen. And after that you'll just click, view profile. and to make the edits. To your personal profile you can add the add section button where you can like edit the about section or education section or position section and etc. So let's say, we click on the about section. And after that you can just add the edit, the about section, and [after that you click on the save button]. Then you're up. [The updates that you, the changes that you make will be updated.] And also, you can upload your resume to Linkedin. Yeah? And also, like you can update your status like indicating you're open to work and to do. So, you just click on the open to button on your profile page. And you can select, like. like, you're finding a new job and set your preferences. Yeah.

Interviewer: Wow! No, I believe that's very detailed. However, I would want to understand. In the entire journey. Were there any obstacles that you faced while using Linkedin.

Stakeholder: a 1 obstacle that I face is with Job filtering. because Linkedin's filters are somewhat limited, and I often wish there was a way to filter the jobs by specific skills or technologies rather than just job titles or locations. Because sometimes I want to look for jobs that mention specific software or programming languages. But Linkedin doesn't provide these granular options. and another challenge is connecting with certain people who have strict privacy settings. For example, I'll send an connection request with the personalized message. But sometimes I don't get a response, or my request is ignored because Linkedin limits the direct connections with people outside the network.
",Save profile updates,0,2,"[19, 19]",N
5,"Interviewer: Yeah. Alright. Well, can you expatiate a little bit about your experience with creating your profile on Linkedin?

Stakeholder: Okay, sure. So like, I joined Linkedin a few years ago. So like, I've made like quite a few edits to my personal profile. So to make those edits, you just click on your personal picture on the top left of the screen. And after that you'll just click, view profile. and to make the edits. To your personal profile you can add the add section button where you can like edit the about section or education section or position section and etc. So let's say, we click on the about section. And after that you can just add the edit, the about section, and after that you click on the save button. Then you're up. The updates that you, the changes that you make will be updated. And also, [you can upload your resume to Linkedin]. Yeah? And also, like you can update your status like indicating you're open to work and to do. So, you just click on the open to button on your profile page. And you can select, like. like, you're finding a new job and set your preferences. Yeah.

Interviewer: Wow! No, I believe that's very detailed. However, I would want to understand. In the entire journey. Were there any obstacles that you faced while using Linkedin.

Stakeholder: a 1 obstacle that I face is with Job filtering. because Linkedin's filters are somewhat limited, and I often wish there was a way to filter the jobs by specific skills or technologies rather than just job titles or locations. Because sometimes I want to look for jobs that mention specific software or programming languages. But Linkedin doesn't provide these granular options. and another challenge is connecting with certain people who have strict privacy settings. For example, I'll send an connection request with the personalized message. But sometimes I don't get a response, or my request is ignored because Linkedin limits the direct connections with people outside the network.
",Upload a resume,0,1,[19],N
6,"Interviewer: Yeah. Alright. Well, can you expatiate a little bit about your experience with creating your profile on Linkedin?

Stakeholder: Okay, sure. So like, I joined Linkedin a few years ago. So like, I've made like quite a few edits to my personal profile. So to make those edits, you just click on your personal picture on the top left of the screen. And after that you'll just click, view profile. and to make the edits. To your personal profile you can add the add section button where you can like edit the about section or education section or position section and etc. So let's say, we click on the about section. And after that you can just add the edit, the about section, and after that you click on the save button. Then you're up. The updates that you, the changes that you make will be updated. And also, you can upload your resume to Linkedin. Yeah? And also, like [you can update your status like indicating you're open to work] and to do. So, [you just click on the open to button on your profile page]. And you can select, like. like, you're finding a new job and set your preferences. Yeah.

Interviewer: Wow! No, I believe that's very detailed. However, I would want to understand. In the entire journey. Were there any obstacles that you faced while using Linkedin.

Stakeholder: a 1 obstacle that I face is with Job filtering. because Linkedin's filters are somewhat limited, and I often wish there was a way to filter the jobs by specific skills or technologies rather than just job titles or locations. Because sometimes I want to look for jobs that mention specific software or programming languages. But Linkedin doesn't provide these granular options. and another challenge is connecting with certain people who have strict privacy settings. For example, I'll send an connection request with the personalized message. But sometimes I don't get a response, or my request is ignored because Linkedin limits the direct connections with people outside the network.
",Update status to indicate being open to work,0,2,"[19, 19]",N
7,"Interviewer: Yeah. Alright. Well, can you expatiate a little bit about your experience with creating your profile on Linkedin?

Stakeholder: Okay, sure. So like, I joined Linkedin a few years ago. So like, I've made like quite a few edits to my personal profile. So to make those edits, you just click on your personal picture on the top left of the screen. And after that you'll just click, view profile. and to make the edits. To your personal profile you can add the add section button where you can like edit the about section or education section or position section and etc. So let's say, we click on the about section. And after that you can just add the edit, the about section, and after that you click on the save button. Then you're up. The updates that you, the changes that you make will be updated. And also, you can upload your resume to Linkedin. Yeah? And also, like you can update your status like indicating you're open to work and to do. So, you just click on the open to button on your profile page. And you can select, like. like, you're finding a new job and [set your preferences]. Yeah.

Interviewer: Wow! No, I believe that's very detailed. However, I would want to understand. In the entire journey. Were there any obstacles that you faced while using Linkedin.

Stakeholder: a 1 obstacle that I face is with Job filtering. because Linkedin's filters are somewhat limited, and I often wish there was a way to filter the jobs by specific skills or technologies rather than just job titles or locations. Because sometimes I want to look for jobs that mention specific software or programming languages. But Linkedin doesn't provide these granular options. and another challenge is connecting with certain people who have strict privacy settings. For example, I'll send an connection request with the personalized message. But sometimes I don't get a response, or my request is ignored because Linkedin limits the direct connections with people outside the network.
",Set job search preferences,0,1,[19],N
8,"Interviewer: Yeah. Alright. Well, can you expatiate a little bit about your experience with creating your profile on Linkedin?

Stakeholder: Okay, sure. So like, I joined Linkedin a few years ago. So like, I've made like quite a few edits to my personal profile. So to make those edits, you just click on your personal picture on the top left of the screen. And after that you'll just click, view profile. and to make the edits. To your personal profile you can add the add section button where you can like edit the about section or education section or position section and etc. So let's say, we click on the about section. And after that you can just add the edit, the about section, and after that you click on the save button. Then you're up. The updates that you, the changes that you make will be updated. And also, you can upload your resume to Linkedin. Yeah? And also, like you can update your status like indicating you're open to work and to do. So, you just click on the open to button on your profile page. And you can select, like. like, you're finding a new job and set your preferences. Yeah.

Interviewer: Wow! No, I believe that's very detailed. However, I would want to understand. In the entire journey. Were there any obstacles that you faced while using Linkedin.

Stakeholder: a 1 obstacle that I face is with Job filtering. because Linkedin's filters are somewhat limited, and [I often wish there was a way to filter the jobs by specific skills or technologies rather than just job titles or locations.] Because sometimes I want to look for jobs that mention specific software or programming languages. But Linkedin doesn't provide these granular options. and another challenge is connecting with certain people who have strict privacy settings. For example, I'll send an connection request with the personalized message. But sometimes I don't get a response, or my request is ignored because Linkedin limits the direct connections with people outside the network.
",Filter job listings by specific skills or technologies,0,1,[21],N
9,"Interviewer: Yeah. Alright. Well, can you expatiate a little bit about your experience with creating your profile on Linkedin?

Stakeholder: Okay, sure. So like, I joined Linkedin a few years ago. So like, I've made like quite a few edits to my personal profile. So to make those edits, you just click on your personal picture on the top left of the screen. And after that you'll just click, view profile. and to make the edits. To your personal profile you can add the add section button where you can like edit the about section or education section or position section and etc. So let's say, we click on the about section. And after that you can just add the edit, the about section, and after that you click on the save button. Then you're up. The updates that you, the changes that you make will be updated. And also, you can upload your resume to Linkedin. Yeah? And also, like you can update your status like indicating you're open to work and to do. So, you just click on the open to button on your profile page. And you can select, like. like, you're finding a new job and set your preferences. Yeah.

Interviewer: Wow! No, I believe that's very detailed. However, I would want to understand. In the entire journey. Were there any obstacles that you faced while using Linkedin.

Stakeholder: a 1 obstacle that I face is with Job filtering. because Linkedin's filters are somewhat limited, and I often wish there was a way to filter the jobs by specific skills or technologies rather than just job titles or locations. Because [sometimes I want to look for jobs that mention specific software or programming languages.] But Linkedin doesn't provide these granular options. and another challenge is connecting with certain people who have strict privacy settings. For example, I'll send an connection request with the personalized message. But sometimes I don't get a response, or my request is ignored because Linkedin limits the direct connections with people outside the network.
",Find job listings that mention specific software or programming languages,0,1,[21],N
10,"Interviewer: Yeah. Alright. Well, can you expatiate a little bit about your experience with creating your profile on Linkedin?

Stakeholder: Okay, sure. So like, I joined Linkedin a few years ago. So like, I've made like quite a few edits to my personal profile. So to make those edits, you just click on your personal picture on the top left of the screen. And after that you'll just click, view profile. and to make the edits. To your personal profile you can add the add section button where you can like edit the about section or education section or position section and etc. So let's say, we click on the about section. And after that you can just add the edit, the about section, and after that you click on the save button. Then you're up. The updates that you, the changes that you make will be updated. And also, you can upload your resume to Linkedin. Yeah? And also, like you can update your status like indicating you're open to work and to do. So, you just click on the open to button on your profile page. And you can select, like. like, you're finding a new job and set your preferences. Yeah.

Interviewer: Wow! No, I believe that's very detailed. However, I would want to understand. In the entire journey. Were there any obstacles that you faced while using Linkedin.

Stakeholder: a 1 obstacle that I face is with Job filtering. because Linkedin's filters are somewhat limited, and I often wish there was a way to filter the jobs by specific skills or technologies rather than just job titles or locations. Because sometimes I want to look for jobs that mention specific software or programming languages. But Linkedin doesn't provide these granular options. and another challenge is connecting with certain people who have strict privacy settings. For example, [I'll send an connection request with the personalized message.] But sometimes I don't get a response, or my request is ignored because Linkedin limits the direct connections with people outside the network.
",Send a connection request with a personalized message,0,1,[21],N
11,"Interviewer: Yeah. Alright. Well, can you expatiate a little bit about your experience with creating your profile on Linkedin?

Stakeholder: Okay, sure. So like, I joined Linkedin a few years ago. So like, I've made like quite a few edits to my personal profile. So to make those edits, you just click on your personal picture on the top left of the screen. And after that you'll just click, view profile. and to make the edits. To your personal profile you can add the add section button where you can like edit the about section or education section or position section and etc. So let's say, we click on the about section. And after that you can just add the edit, the about section, and after that you click on the save button. Then you're up. The updates that you, the changes that you make will be updated. And also, you can upload your resume to Linkedin. Yeah? And also, like you can update your status like indicating you're open to work and to do. So, you just click on the open to button on your profile page. And you can select, like. like, you're finding a new job and set your preferences. Yeah.

Interviewer: Wow! No, I believe that's very detailed. However, I would want to understand. In the entire journey. Were there any obstacles that you faced while using Linkedin.

Stakeholder: a 1 obstacle that I face is with Job filtering. because Linkedin's filters are somewhat limited, and I often wish there was a way to filter the jobs by specific skills or technologies rather than just job titles or locations. Because sometimes I want to look for jobs that mention specific software or programming languages. But Linkedin doesn't provide these granular options. and another challenge is connecting with certain people who have strict privacy settings. For example, I'll send an connection request with the personalized message. But sometimes I don't get a response, or my request is ignored because [Linkedin limits the direct connections with people outside the network.]
",Connect with people outside an existing network,0,1,[21],N
